State,Fips_Code,Year,Personal_Income
Alabama,1000,2011,35010
Alaska ,2000,2011,52569
Arizona,4000,2011,35321
Arkansas,5000,2011,34279
California,6000,2011,45557
Colorado,8000,2011,43658
Connecticut,9000,2011,63132
Delaware,10000,2011,43962
District of Columbia,11000,2011,67005
Florida,12000,2011,40517
Georgia,13000,2011,36842
Hawaii ,15000,2011,42809
Idaho,16000,2011,33579
Illinois,17000,2011,44194
Indiana,18000,2011,37799
Iowa,19000,2011,41036
Kansas,20000,2011,43015
Kentucky,21000,2011,34799
Louisiana,22000,2011,39124
Maine,23000,2011,39690
Maryland,24000,2011,51845
Massachusetts,25000,2011,54812
Michigan,26000,2011,37781
Minnesota,27000,2011,45323
Mississippi,28000,2011,32546
Missouri,29000,2011,38533
Montana,30000,2011,38558
Nebraska,31000,2011,45674
Nevada,32000,2011,38777
New Hampshire,33000,2011,49131
New Jersey,34000,2011,52947
New Mexico,35000,2011,35045
New York,36000,2011,50904
North Carolina,37000,2011,36902
North Dakota,38000,2011,49000
Ohio,39000,2011,39245
Oklahoma,40000,2011,39800
Oregon,41000,2011,37596
Pennsylvania,42000,2011,44211
Rhode Island,44000,2011,44201
South Carolina,45000,2011,34479
South Dakota,46000,2011,44758
Tennessee,47000,2011,37727
Texas,48000,2011,42037
Utah,49000,2011,34190
Vermont,50000,2011,43982
Virginia,51000,2011,47608
Washington,53000,2011,44225
West Virginia,54000,2011,34581
Wisconsin,55000,2011,41209
Wyoming,56000,2011,50783
New England,91000,2011,53729
Mideast,92000,2011,49707
Great Lakes,93000,2011,40342
Plains,94000,2011,42520
Southeast,95000,2011,38365
Southwest,96000,2011,40289
Rocky Mountain,97000,2011,39715
Far West,98000,2011,44484
Alabama,1000,2012,35824
Alaska ,2000,2012,53708
Arizona,4000,2012,36545
Arkansas,5000,2012,36582
California,6000,2012,48121
Colorado,8000,2012,45630
Connecticut,9000,2012,64121
Delaware,10000,2012,44070
District of Columbia,11000,2012,68148
Florida,12000,2012,41540
Georgia,13000,2012,37495
Hawaii ,15000,2012,43812
Idaho,16000,2012,35110
Illinois,17000,2012,46029
Indiana,18000,2012,39433
Iowa,19000,2012,42873
Kansas,20000,2012,45294
Kentucky,21000,2012,35875
Louisiana,22000,2012,41003
Maine,23000,2012,40411
Maryland,24000,2012,52787
Massachusetts,25000,2012,56669
Michigan,26000,2012,39266
Minnesota,27000,2012,47726
Mississippi,28000,2012,33657
Missouri,29000,2012,40317
Montana,30000,2012,40701
Nebraska,31000,2012,46670
Nevada,32000,2012,39909
New Hampshire,33000,2012,51123
New Jersey,34000,2012,54574
New Mexico,35000,2012,35749
New York,36000,2012,53102
North Carolina,37000,2012,39103
North Dakota,38000,2012,56443
Ohio,39000,2012,40759
Oklahoma,40000,2012,42232
Oregon,41000,2012,39371
Pennsylvania,42000,2012,45855
Rhode Island,44000,2012,45601
South Carolina,45000,2012,35989
South Dakota,46000,2012,45442
Tennessee,47000,2012,39373
Texas,48000,2012,44241
Utah,49000,2012,36005
Vermont,50000,2012,45277
Virginia,51000,2012,49309
Washington,53000,2012,47320
West Virginia,54000,2012,35453
Wisconsin,55000,2012,42944
Wyoming,56000,2012,54213
New England,91000,2012,55229
Mideast,92000,2012,51461
Great Lakes,93000,2012,41983
Plains,94000,2012,44630
Southeast,95000,2012,39729
Southwest,96000,2012,42278
Rocky Mountain,97000,2012,41678
Far West,98000,2012,46926
Alabama,1000,2013,36014
Alaska ,2000,2013,52812
Arizona,4000,2013,37139
Arkansas,5000,2013,36677
California,6000,2013,48502
Colorado,8000,2013,47404
Connecticut,9000,2013,62647
Delaware,10000,2013,44404
District of Columbia,11000,2013,67774
Florida,12000,2013,41162
Georgia,13000,2013,37794
Hawaii ,15000,2013,43931
Idaho,16000,2013,36095
Illinois,17000,2013,47047
Indiana,18000,2013,39766
Iowa,19000,2013,43439
Kansas,20000,2013,46174
Kentucky,21000,2013,36058
Louisiana,22000,2013,41376
Maine,23000,2013,40329
Maryland,24000,2013,52249
Massachusetts,25000,2013,56628
Michigan,26000,2013,39566
Minnesota,27000,2013,47838
Mississippi,28000,2013,34259
Missouri,29000,2013,40569
Montana,30000,2013,40674
Nebraska,31000,2013,46653
Nevada,32000,2013,39664
New Hampshire,33000,2013,50865
New Jersey,34000,2013,54813
New Mexico,35000,2013,35088
New York,36000,2013,53395
North Carolina,37000,2013,38394
North Dakota,38000,2013,54900
Ohio,39000,2013,41259
Oklahoma,40000,2013,44017
Oregon,41000,2013,39788
Pennsylvania,42000,2013,46213
Rhode Island,44000,2013,45447
South Carolina,45000,2013,36204
South Dakota,46000,2013,45608
Tennessee,47000,2013,39454
Texas,48000,2013,44816
Utah,49000,2013,36511
Vermont,50000,2013,45770
Virginia,51000,2013,48573
Washington,53000,2013,47857
West Virginia,54000,2013,35318
Wisconsin,55000,2013,43050
Wyoming,56000,2013,53776
New England,91000,2013,54831
Mideast,92000,2013,51661
Great Lakes,93000,2013,42511
Plains,94000,2013,44905
Southeast,95000,2013,39605
Southwest,96000,2013,42919
Rocky Mountain,97000,2013,42740
Far West,98000,2013,47273
Alabama,1000,2014,37055
Alaska ,2000,2014,55867
Arizona,4000,2014,38756
Arkansas,5000,2014,38749
California,6000,2014,51266
Colorado,8000,2014,50797
Connecticut,9000,2014,65498
Delaware,10000,2014,46015
District of Columbia,11000,2014,71469
Florida,12000,2014,43516
Georgia,13000,2014,39969
Hawaii ,15000,2014,46044
Idaho,16000,2014,37680
Illinois,17000,2014,49238
Indiana,18000,2014,41188
Iowa,19000,2014,44699
Kansas,20000,2014,47013
Kentucky,21000,2014,37645
Louisiana,22000,2014,43085
Maine,23000,2014,41797
Maryland,24000,2014,53659
Massachusetts,25000,2014,58924
Michigan,26000,2014,41207
Minnesota,27000,2014,49967
Mississippi,28000,2014,34896
Missouri,29000,2014,41963
Montana,30000,2014,42494
Nebraska,31000,2014,48957
Nevada,32000,2014,41773
New Hampshire,33000,2014,52643
New Jersey,34000,2014,57065
New Mexico,35000,2014,37219
New York,36000,2014,55290
North Carolina,37000,2014,40293
North Dakota,38000,2014,57523
Ohio,39000,2014,42829
Oklahoma,40000,2014,46614
Oregon,41000,2014,42134
Pennsylvania,42000,2014,48063
Rhode Island,44000,2014,47199
South Carolina,45000,2014,38152
South Dakota,46000,2014,47488
Tennessee,47000,2014,40753
Texas,48000,2014,47370
Utah,49000,2014,38168
Vermont,50000,2014,47641
Virginia,51000,2014,50318
Washington,53000,2014,50890
West Virginia,54000,2014,36570
Wisconsin,55000,2014,44709
Wyoming,56000,2014,57749
New England,91000,2014,57084
Mideast,92000,2014,53575
Great Lakes,93000,2014,44254
Plains,94000,2014,46549
Southeast,95000,2014,41459
Southwest,96000,2014,45311
Rocky Mountain,97000,2014,45316
Far West,98000,2014,49992
Alabama,1000,2015,38531
Alaska ,2000,2015,57575
Arizona,4000,2015,40334
Arkansas,5000,2015,39968
California,6000,2015,54546
Colorado,8000,2015,52339
Connecticut,9000,2015,67321
Delaware,10000,2015,47868
District of Columbia,11000,2015,75623
Florida,12000,2015,45659
Georgia,13000,2015,41941
Hawaii ,15000,2015,47777
Idaho,16000,2015,39386
Illinois,17000,2015,51443
Indiana,18000,2015,42667
Iowa,19000,2015,46104
Kansas,20000,2015,47332
Kentucky,21000,2015,39232
Louisiana,22000,2015,43113
Maine,23000,2015,43672
Maryland,24000,2015,55825
Massachusetts,25000,2015,62376
Michigan,26000,2015,43425
Minnesota,27000,2015,51985
Mississippi,28000,2015,35533
Missouri,29000,2015,43322
Montana,30000,2015,43941
Nebraska,31000,2015,50556
Nevada,32000,2015,44493
New Hampshire,33000,2015,54684
New Jersey,34000,2015,59175
New Mexico,35000,2015,38103
New York,36000,2015,57481
North Carolina,37000,2015,42076
North Dakota,38000,2015,53991
Ohio,39000,2015,44442
Oklahoma,40000,2015,44894
Oregon,41000,2015,44694
Pennsylvania,42000,2015,49927
Rhode Island,44000,2015,48682
South Carolina,45000,2015,40053
South Dakota,46000,2015,49186
Tennessee,47000,2015,42535
Texas,48000,2015,47465
Utah,49000,2015,40459
Vermont,50000,2015,48876
Virginia,51000,2015,52238
Washington,53000,2015,53083
West Virginia,54000,2015,37468
Wisconsin,55000,2015,46548
Wyoming,56000,2015,57846
New England,91000,2015,59633
Mideast,92000,2015,55689
Great Lakes,93000,2015,46165
Plains,94000,2015,47815
Southeast,95000,2015,43171
Southwest,96000,2015,45532
Rocky Mountain,97000,2015,46995
Far West,98000,2015,52981
Alabama,1000,2016,39014
Alaska ,2000,2016,56278
Arizona,4000,2016,41473
Arkansas,5000,2016,40873
California,6000,2016,56560
Colorado,8000,2016,52390
Connecticut,9000,2016,68680
Delaware,10000,2016,48734
District of Columbia,11000,2016,78186
Florida,12000,2016,46454
Georgia,13000,2016,43033
Hawaii ,15000,2016,49122
Idaho,16000,2016,40098
Illinois,17000,2016,52036
Indiana,18000,2016,43645
Iowa,19000,2016,46291
Kansas,20000,2016,47326
Kentucky,21000,2016,39750
Louisiana,22000,2016,42725
Maine,23000,2016,44740
Maryland,24000,2016,57632
Massachusetts,25000,2016,64295
Michigan,26000,2016,44527
Minnesota,27000,2016,52596
Mississippi,28000,2016,36021
Missouri,29000,2016,44410
Montana,30000,2016,44063
Nebraska,31000,2016,49360
Nevada,32000,2016,45450
New Hampshire,33000,2016,56321
New Jersey,34000,2016,60533
New Mexico,35000,2016,38775
New York,36000,2016,59280
North Carolina,37000,2016,42936
North Dakota,38000,2016,52005
Ohio,39000,2016,45212
Oklahoma,40000,2016,42521
Oregon,41000,2016,45999
Pennsylvania,42000,2016,51181
Rhode Island,44000,2016,49184
South Carolina,45000,2016,41178
South Dakota,46000,2016,49192
Tennessee,47000,2016,43499
Texas,48000,2016,46586
Utah,49000,2016,41750
Vermont,50000,2016,49621
Virginia,51000,2016,53268
Washington,53000,2016,54918
West Virginia,54000,2016,37380
Wisconsin,55000,2016,47205
Wyoming,56000,2016,54827
New England,91000,2016,61156
Mideast,92000,2016,57265
Great Lakes,93000,2016,46965
Plains,94000,2016,48141
Southeast,95000,2016,43951
Southwest,96000,2016,44935
Rocky Mountain,97000,2016,47294
Far West,98000,2016,54791
Alabama,1000,2017,40223
Alaska ,2000,2017,57189
Arizona,4000,2017,43497
Arkansas,5000,2017,41890
California,6000,2017,58804
Colorado,8000,2017,55251
Connecticut,9000,2017,70011
Delaware,10000,2017,50417
District of Columbia,11000,2017,79984
Florida,12000,2017,49055
Georgia,13000,2017,44993
Hawaii ,15000,2017,51114
Idaho,16000,2017,41457
Illinois,17000,2017,53611
Indiana,18000,2017,45015
Iowa,19000,2017,47246
Kansas,20000,2017,48651
Kentucky,21000,2017,40751
Louisiana,22000,2017,44056
Maine,23000,2017,46378
Maryland,24000,2017,59155
Massachusetts,25000,2017,66679
Michigan,26000,2017,45716
Minnesota,27000,2017,54266
Mississippi,28000,2017,36902
Missouri,29000,2017,45239
Montana,30000,2017,46036
Nebraska,31000,2017,50144
Nevada,32000,2017,47485
New Hampshire,33000,2017,58362
New Jersey,34000,2017,62465
New Mexico,35000,2017,39458
New York,36000,2017,62913
North Carolina,37000,2017,44591
North Dakota,38000,2017,52521
Ohio,39000,2017,46646
Oklahoma,40000,2017,44423
Oregon,41000,2017,47974
Pennsylvania,42000,2017,52421
Rhode Island,44000,2017,50982
South Carolina,45000,2017,42758
South Dakota,46000,2017,50104
Tennessee,47000,2017,44879
Texas,48000,2017,49231
Utah,49000,2017,43241
Vermont,50000,2017,50771
Virginia,51000,2017,54879
Washington,53000,2017,57265
West Virginia,54000,2017,39140
Wisconsin,55000,2017,48758
Wyoming,56000,2017,57184
New England,91000,2017,63092
Mideast,92000,2017,59651
Great Lakes,93000,2017,48384
Plains,94000,2017,49272
Southeast,95000,2017,45732
Southwest,96000,2017,47312
Rocky Mountain,97000,2017,49455
Far West,98000,2017,56984
Alabama,1000,2018,41539
Alaska ,2000,2018,59618
Arizona,4000,2018,45466
Arkansas,5000,2018,43384
California,6000,2018,61508
Colorado,8000,2018,58453
Connecticut,9000,2018,72926
Delaware,10000,2018,52716
District of Columbia,11000,2018,82708
Florida,12000,2018,51520
Georgia,13000,2018,46855
Hawaii ,15000,2018,52164
Idaho,16000,2018,43217
Illinois,17000,2018,56536
Indiana,18000,2018,46945
Iowa,19000,2018,49163
Kansas,20000,2018,50663
Kentucky,21000,2018,41974
Louisiana,22000,2018,46057
Maine,23000,2018,48141
Maryland,24000,2018,60577
Massachusetts,25000,2018,69693
Michigan,26000,2018,47457
Minnesota,27000,2018,56539
Mississippi,28000,2018,37900
Missouri,29000,2018,47085
Montana,30000,2018,47612
Nebraska,31000,2018,51916
Nevada,32000,2018,49678
New Hampshire,33000,2018,60831
New Jersey,34000,2018,64914
New Mexico,35000,2018,41218
New York,36000,2018,64849
North Carolina,37000,2018,46352
North Dakota,38000,2018,55396
Ohio,39000,2018,48327
Oklahoma,40000,2018,46415
Oregon,41000,2018,50567
Pennsylvania,42000,2018,55030
Rhode Island,44000,2018,52659
South Carolina,45000,2018,44155
South Dakota,46000,2018,52166
Tennessee,47000,2018,46870
Texas,48000,2018,52005
Utah,49000,2018,45665
Vermont,50000,2018,52409
Virginia,51000,2018,56619
Washington,53000,2018,60221
West Virginia,54000,2018,41279
Wisconsin,55000,2018,50908
Wyoming,56000,2018,60472
New England,91000,2018,65760
Mideast,92000,2018,61810
Great Lakes,93000,2018,50501
Plains,94000,2018,51311
Southeast,95000,2018,47617
Southwest,96000,2018,49832
Rocky Mountain,97000,2018,52093
Far West,98000,2018,59628
Alabama,1000,2019,43288
Alaska ,2000,2019,61316
Arizona,4000,2019,48124
Arkansas,5000,2019,44324
California,6000,2019,64919
Colorado,8000,2019,62124
Connecticut,9000,2019,75533
Delaware,10000,2019,54217
District of Columbia,11000,2019,84671
Florida,12000,2019,54560
Georgia,13000,2019,49083
Hawaii ,15000,2019,54700
Idaho,16000,2019,45924
Illinois,17000,2019,58438
Indiana,18000,2019,48749
Iowa,19000,2019,50367
Kansas,20000,2019,52876
Kentucky,21000,2019,43875
Louisiana,22000,2019,47668
Maine,23000,2019,50728
Maryland,24000,2019,62313
Massachusetts,25000,2019,73213
Michigan,26000,2019,49142
Minnesota,27000,2019,58543
Mississippi,28000,2019,39445
Missouri,29000,2019,49001
Montana,30000,2019,50289
Nebraska,31000,2019,54182
Nevada,32000,2019,52602
New Hampshire,33000,2019,64747
New Jersey,34000,2019,68438
New Mexico,35000,2019,43530
New York,36000,2019,67366
North Carolina,37000,2019,48741
North Dakota,38000,2019,57110
Ohio,39000,2019,50035
Oklahoma,40000,2019,48646
Oregon,41000,2019,52718
Pennsylvania,42000,2019,56952
Rhode Island,44000,2019,55830
South Carolina,45000,2019,46681
South Dakota,46000,2019,55294
Tennessee,47000,2019,49343
Texas,48000,2019,54076
Utah,49000,2019,48580
Vermont,50000,2019,55442
Virginia,51000,2019,59073
Washington,53000,2019,64189
West Virginia,54000,2019,42951
Wisconsin,55000,2019,52893
Wyoming,56000,2019,64117
New England,91000,2019,68959
Mideast,92000,2019,64235
Great Lakes,93000,2019,52296
Plains,94000,2019,53266
Southeast,95000,2019,49978
Southwest,96000,2019,52033
Rocky Mountain,97000,2019,55312
Far West,98000,2019,62936
Alabama,1000,2020,46179
Alaska ,2000,2020,62756
Arizona,4000,2020,52327
Arkansas,5000,2020,47154
California,6000,2020,70647
Colorado,8000,2020,65358
Connecticut,9000,2020,78463
Delaware,10000,2020,56324
District of Columbia,11000,2020,89735
Florida,12000,2020,57292
Georgia,13000,2020,51987
Hawaii ,15000,2020,57241
Idaho,16000,2020,49491
Illinois,17000,2020,62139
Indiana,18000,2020,52219
Iowa,19000,2020,53312
Kansas,20000,2020,55974
Kentucky,21000,2020,47525
Louisiana,22000,2020,50809
Maine,23000,2020,54912
Maryland,24000,2020,65685
Massachusetts,25000,2020,78388
Michigan,26000,2020,53388
Minnesota,27000,2020,62240
Mississippi,28000,2020,42716
Missouri,29000,2020,52108
Montana,30000,2020,54106
Nebraska,31000,2020,57421
Nevada,32000,2020,55406
New Hampshire,33000,2020,68542
New Jersey,34000,2020,71505
New Mexico,35000,2020,46760
New York,36000,2020,71577
North Carolina,37000,2020,51900
North Dakota,38000,2020,60864
Ohio,39000,2020,53545
Oklahoma,40000,2020,50518
Oregon,41000,2020,57005
Pennsylvania,42000,2020,60685
Rhode Island,44000,2020,59941
South Carolina,45000,2020,49105
South Dakota,46000,2020,60446
Tennessee,47000,2020,52351
Texas,48000,2020,55601
Utah,49000,2020,52225
Vermont,50000,2020,59296
Virginia,51000,2020,62189
Washington,53000,2020,68350
West Virginia,54000,2020,45240
Wisconsin,55000,2020,55941
Wyoming,56000,2020,65782
New England,91000,2020,73239
Mideast,92000,2020,67975
Great Lakes,93000,2020,55942
Plains,94000,2020,56626
Southeast,95000,2020,52930
Southwest,96000,2020,54133
Rocky Mountain,97000,2020,58648
Far West,98000,2020,68034
Alabama,1000,2021,49769
Alaska ,2000,2021,65813
Arizona,4000,2021,55487
Arkansas,5000,2021,50625
California,6000,2021,76614
Colorado,8000,2021,70706
Connecticut,9000,2021,83294
Delaware,10000,2021,59931
District of Columbia,11000,2021,96477
Florida,12000,2021,62270
Georgia,13000,2021,55786
Hawaii ,15000,2021,60947
Idaho,16000,2021,52369
Illinois,17000,2021,67244
Indiana,18000,2021,56497
Iowa,19000,2021,57163
Kansas,20000,2021,58924
Kentucky,21000,2021,51266
Louisiana,22000,2021,54217
Maine,23000,2021,58484
Maryland,24000,2021,69817
Massachusetts,25000,2021,83653
Michigan,26000,2021,56494
Minnesota,27000,2021,66280
Mississippi,28000,2021,45881
Missouri,29000,2021,55325
Montana,30000,2021,56949
Nebraska,31000,2021,61205
Nevada,32000,2021,60213
New Hampshire,33000,2021,73200
New Jersey,34000,2021,77016
New Mexico,35000,2021,50311
New York,36000,2021,76837
North Carolina,37000,2021,56173
North Dakota,38000,2021,64524
Ohio,39000,2021,56879
Oklahoma,40000,2021,53870
Oregon,41000,2021,61596
Pennsylvania,42000,2021,64279
Rhode Island,44000,2021,64376
South Carolina,45000,2021,52467
South Dakota,46000,2021,64462
Tennessee,47000,2021,56560
Texas,48000,2021,59865
Utah,49000,2021,56019
Vermont,50000,2021,61882
Virginia,51000,2021,66305
Washington,53000,2021,73775
West Virginia,54000,2021,48488
Wisconsin,55000,2021,59626
Wyoming,56000,2021,69666
New England,91000,2021,77986
Mideast,92000,2021,72665
Great Lakes,93000,2021,59867
Plains,94000,2021,60215
Southeast,95000,2021,57051
Southwest,96000,2021,58094
Rocky Mountain,97000,2021,62879
Far West,98000,2021,73646
